Time (yr BP),Temperature Change
799000,-8.099845193
798000,-8.029409877
797000,-7.889464182
796000,-7.539991327
795000,-6.906752883
794000,-6.100274369
793000,-5.285234721
792000,-4.460804779
791000,-3.555498956
790000,-2.615996026
789000,-1.704730149
788000,-0.852416334
787000,-0.269183098
786000,-0.150691259
785000,-0.358250191
784000,-0.661004375
783000,-0.922206854
782000,-1.114798933
781000,-1.233220662
780000,-1.281707221
779000,-1.363737099
778000,-1.545035652
777000,-1.779161745
776000,-2.078979254
775000,-2.510327156
774000,-3.008853047
773000,-3.40315311
772000,-3.563015685
771000,-3.600694881
770000,-3.835576304
769000,-4.410990909
768000,-5.093692112
767000,-5.47550532
766000,-5.357230691
765000,-4.995993285
764000,-4.869263841
763000,-5.22009386
762000,-5.869802498
761000,-6.347467127
760000,-6.300546815
759000,-5.838481126
758000,-5.412729185
757000,-5.468300325
756000,-6.064414612
755000,-6.793050274
754000,-7.304464138
753000,-7.586115116
752000,-7.71797109
751000,-7.742017889
750000,-7.724683546
749000,-7.751657364
748000,-7.801427888
747000,-7.806437177
746000,-7.791277374
745000,-7.824938901
744000,-7.86657373
743000,-7.76989532
742000,-7.492948539
741000,-7.020635551
740000,-6.240903832
739000,-5.260077176
738000,-4.406304089
737000,-3.833044666
736000,-3.527295619
735000,-3.432563557
734000,-3.472491743
733000,-3.695322652
732000,-4.107956216
731000,-4.516768476
730000,-4.829126967
729000,-5.083708763
728000,-5.227166572
727000,-5.167709184
726000,-5.014041168
725000,-5.182018016
724000,-5.92302775
723000,-6.878676765
722000,-7.419765588
721000,-7.287978372
720000,-6.771325582
719000,-6.225773688
718000,-5.707998801
717000,-5.161095013
716000,-4.576400603
715000,-3.99310788
714000,-3.573215647
713000,-3.417766428
712000,-3.387342209
711000,-3.355639124
710000,-3.304158789
709000,-3.218921468
708000,-3.13822169
707000,-3.077979396
706000,-2.934318143
705000,-2.65886583
704000,-2.323104235
703000,-2.031002525
702000,-1.874159398
701000,-1.891363084
700000,-1.927138674
699000,-1.793600442
698000,-1.595047939
697000,-1.495683853
696000,-1.480401611
695000,-1.482092236
694000,-1.513302764
693000,-1.6861793
692000,-1.98409872
691000,-2.281984472
690000,-2.565388963
689000,-2.813762753
688000,-3.05699649
687000,-3.394692379
686000,-3.789047851
685000,-4.152370336
684000,-4.483759126
683000,-4.861120056
682000,-5.335175209
681000,-5.580573186
680000,-5.323303742
679000,-5.077982936
678000,-5.298091986
677000,-5.565880759
676000,-5.708487392
675000,-6.067080356
674000,-6.585278867
673000,-6.964867954
672000,-7.04520521
671000,-6.936200564
670000,-7.027332932
669000,-7.452844353
668000,-7.882770695
667000,-8.073216798
666000,-8.031768065
665000,-7.793231351
664000,-7.483790912
663000,-7.346327779
662000,-7.424292676
661000,-7.489380496
660000,-7.375661149
659000,-7.090640249
658000,-6.69834899
657000,-6.364647311
656000,-6.306469289
655000,-6.551593684
654000,-6.837232798
653000,-6.911803437
652000,-6.797543865
651000,-6.657791893
650000,-6.585633622
649000,-6.637453246
648000,-6.790937003
647000,-6.908900535
646000,-6.936071066
645000,-6.955749953
644000,-7.073504022
643000,-7.334533951
642000,-7.669570346
641000,-7.924149161
640000,-8.001659814
639000,-7.940131586
638000,-7.861307548
637000,-7.884582843
636000,-7.976912376
635000,-7.977789718
634000,-7.871467067
633000,-7.82936839
632000,-7.889413855
631000,-7.85515105
630000,-7.509373161
629000,-6.700934328
628000,-5.457842956
627000,-4.053253276
626000,-2.871251744
625000,-2.216054566
624000,-2.018263052
623000,-1.927787471
622000,-1.74343536
621000,-1.52873852
620000,-1.414446954
619000,-1.350667628
618000,-1.226836661
617000,-0.996633395
616000,-0.701774659
615000,-0.510968925
614000,-0.497067183
613000,-0.594573765
612000,-0.723251902
611000,-0.8229554
610000,-0.970412973
609000,-1.323720121
608000,-1.876487798
607000,-2.478567877
606000,-2.985747481
605000,-3.37387287
604000,-3.697278113
603000,-3.968318334
602000,-4.243439649
601000,-4.590500955
600000,-4.963766795
599000,-5.343886668
598000,-5.638194444
597000,-5.51232097
596000,-4.876779207
595000,-4.271596785
594000,-4.209025342
593000,-4.522700586
592000,-4.67322949
591000,-4.355802557
590000,-4.007254733
589000,-4.269360204
588000,-4.977599407
587000,-5.493993197
586000,-5.61380332
585000,-5.667596441
584000,-5.676643214
583000,-5.151707544
582000,-3.965301057
581000,-2.546018318
580000,-1.383982034
579000,-0.86110321
578000,-0.904921149
577000,-1.036653468
576000,-1.013250645
575000,-0.947679886
574000,-0.951419413
573000,-0.982531106
572000,-0.981893761
571000,-0.976725275
570000,-1.008234632
569000,-1.075401052
568000,-1.179971074
567000,-1.348456012
566000,-1.616121229
565000,-2.008847854
564000,-2.53934279
563000,-3.183784665
562000,-3.895402279
561000,-4.623578717
560000,-5.245343157
559000,-5.45470222
558000,-5.073350351
557000,-4.392539989
556000,-3.900552974
555000,-4.016533058
554000,-4.705893695
553000,-5.463265065
552000,-5.820570296
551000,-5.823446512
550000,-5.962688937
549000,-6.343584683
548000,-6.708617691
547000,-7.054726368
546000,-7.32706086
545000,-7.319491874
544000,-7.069646745
543000,-6.83983214
542000,-6.803620997
541000,-6.905573719
540000,-6.99277608
539000,-6.928780017
538000,-6.677917275
537000,-6.44065059
536000,-6.383485128
535000,-6.47937618
534000,-6.640885799
533000,-6.681679897
532000,-6.410326616
531000,-5.759976267
530000,-4.882395756
529000,-4.180074289
528000,-3.93795416
527000,-4.004065372
526000,-4.061938395
525000,-4.005798741
524000,-3.887281659
523000,-3.667109476
522000,-3.341654597
521000,-3.107947619
520000,-3.043171236
519000,-3.103052194
518000,-3.296429805
517000,-3.580225967
516000,-3.880172876
515000,-4.206714169
514000,-4.550032793
513000,-4.842801861
512000,-5.014043834
511000,-5.045778703
510000,-4.968027897
509000,-4.734776922
508000,-4.345016629
507000,-4.071459047
506000,-3.968026465
505000,-3.771752931
504000,-3.52640874
503000,-3.426498324
502000,-3.413645832
501000,-3.338294158
500000,-3.160643022
499000,-2.977999163
498000,-2.875921962
497000,-2.826355492
496000,-2.796890286
495000,-2.770152052
494000,-2.674893698
493000,-2.477828958
492000,-2.193930181
491000,-1.827970197
490000,-1.492914717
489000,-1.368485611
488000,-1.535500692
487000,-1.913998297
486000,-2.317517773
485000,-2.631163575
484000,-2.918122446
483000,-3.271535726
482000,-3.681177324
481000,-4.085335412
480000,-4.431775278
479000,-4.57001058
478000,-4.357451583
477000,-4.177751288
476000,-4.534389286
475000,-5.18316197
474000,-5.375637625
473000,-4.912396989
472000,-4.530898392
471000,-4.865892426
470000,-5.652738117
469000,-6.419684327
468000,-7.016985259
467000,-7.345496568
466000,-7.437964075
465000,-7.342576058
464000,-7.079229779
463000,-6.843942084
462000,-6.878241
461000,-7.179545024
460000,-7.512682356
459000,-7.724572272
458000,-7.751628062
457000,-7.495945936
456000,-6.931911495
455000,-6.33887396
454000,-6.094682028
453000,-6.190788678
452000,-6.336529792
451000,-6.443193521
450000,-6.443552983
449000,-6.252367786
448000,-6.021430437
447000,-6.07371842
446000,-6.390420749
445000,-6.661578822
444000,-6.895018315
443000,-7.252468278
442000,-7.68342424
441000,-8.040031939
440000,-8.254361822
439000,-8.374141261
438000,-8.470024346
437000,-8.432007094
436000,-8.185512058
435000,-7.958259089
434000,-7.89059258
433000,-7.874372522
432000,-7.78214682
431000,-7.458760793
430000,-6.76037999
429000,-5.696975156
428000,-4.362512257
427000,-2.948259273
426000,-1.765707573
425000,-1.162552226
424000,-1.216279998
423000,-1.350210941
422000,-1.123771619
421000,-0.677659496
420000,-0.276471795
419000,0.027588584
418000,0.305567625
417000,0.475106232
416000,0.483423231
415000,0.457922218
414000,0.510581443
413000,0.677954378
412000,0.995870067
411000,1.422025448
410000,1.788070673
409000,1.980312513
408000,2.050483661
407000,2.095737736
406000,2.117871789
405000,2.03980047
404000,1.823483744
403000,1.485071026
402000,1.034700568
401000,0.518012567
400000,0.012191905
399000,-0.427438157
398000,-0.82395893
397000,-1.305651983
396000,-2.004820357
395000,-2.874912208
394000,-3.692152543
393000,-4.302259048
392000,-4.71651096
391000,-5.013918689
390000,-5.231874514
389000,-5.127836662
388000,-4.497751317
387000,-3.786150331
386000,-3.679074435
385000,-4.122564328
384000,-4.470390231
383000,-4.343279569
382000,-4.063849693
381000,-4.177425337
380000,-4.679135806
379000,-5.239403064
378000,-5.702621507
377000,-6.092165676
376000,-6.348935208
375000,-6.233282201
374000,-5.713927721
373000,-5.217307561
372000,-5.156800438
371000,-5.476514215
370000,-5.932091312
369000,-6.290959565
368000,-6.426194842
367000,-6.467466698
366000,-6.528419406
365000,-6.603987324
364000,-6.684752205
363000,-6.840041448
362000,-7.108363502
361000,-7.390218076
360000,-7.622536311
359000,-7.787657835
358000,-7.855476909
357000,-7.817331287
356000,-7.681215473
355000,-7.429030534
354000,-7.125065262
353000,-6.921565383
352000,-6.849924165
351000,-6.813845611
350000,-6.787899044
349000,-6.914916248
348000,-7.213601237
347000,-7.493839285
346000,-7.68839302
345000,-7.841705757
344000,-7.996190465
343000,-8.129447526
342000,-8.005345996
341000,-7.307994486
340000,-6.077242089
339000,-4.632516813
338000,-3.097996473
337000,-1.409968611
336000,0.47138294
335000,2.294766418
334000,3.419674202
333000,3.372319193
332000,2.404347701
331000,1.351967466
330000,0.76328193
329000,0.495042188
328000,0.255054203
327000,-0.091796697
326000,-0.556577304
325000,-1.109302537
324000,-1.725743082
323000,-2.408091332
322000,-3.134160255
321000,-3.850512817
320000,-4.456777353
319000,-4.679249854
318000,-4.270240289
317000,-3.461072002
316000,-2.873758366
315000,-2.824596562
314000,-3.072132546
313000,-3.435896434
312000,-3.896017713
311000,-4.344860663
310000,-4.692208003
309000,-4.965090111
308000,-5.198093316
307000,-5.179088569
306000,-4.832518658
305000,-4.636293134
304000,-4.899312277
303000,-5.386026505
302000,-5.73165766
301000,-5.775664635
300000,-5.813420653
299000,-6.085816168
298000,-6.238990295
297000,-5.980655667
296000,-5.711670436
295000,-5.729789869
294000,-5.673644415
293000,-5.26877319
292000,-4.615829353
291000,-3.954004559
290000,-3.557282537
289000,-3.544328212
288000,-3.747160626
287000,-4.030907308
286000,-4.380514886
285000,-4.774687484
284000,-5.196937074
283000,-5.671707553
282000,-6.18597332
281000,-6.667414734
280000,-7.119231322
279000,-7.498709655
278000,-7.712465124
277000,-7.810925165
276000,-7.870524629
275000,-7.980543649
274000,-8.136919061
273000,-8.241290678
272000,-8.251230983
271000,-8.148205456
270000,-7.95138299
269000,-7.728027751
268000,-7.483339869
267000,-7.163096182
266000,-6.760340574
265000,-6.336345886
264000,-6.079746026
263000,-6.178616761
262000,-6.406990194
261000,-6.466456515
260000,-6.363190848
259000,-6.179055573
258000,-6.118472801
257000,-6.307163238
256000,-6.588139332
255000,-6.740789217
254000,-6.731866031
253000,-6.661068873
252000,-6.528851399
251000,-6.29702205
250000,-5.909957147
249000,-5.361439397
248000,-4.895189952
247000,-4.423849528
246000,-3.37927183
245000,-1.66678934
244000,0.109858379
243000,1.246679056
242000,1.358424768
241000,0.580568192
240000,-0.52257401
239000,-1.441091375
238000,-2.093390237
237000,-2.688770477
236000,-3.348622648
235000,-4.074242563
234000,-4.857583969
233000,-5.583561468
232000,-6.08755671
231000,-6.30902357
230000,-6.370791874
229000,-6.472857854
228000,-6.434990116
227000,-6.163040229
226000,-6.119563079
225000,-6.478100022
224000,-6.795011085
223000,-6.714388905
222000,-6.257345337
221000,-5.543893893
220000,-4.720140599
219000,-3.902776401
218000,-3.039514577
217000,-2.066947999
216000,-1.163112937
215000,-0.646250049
214000,-0.607123957
213000,-0.824143232
212000,-1.088872306
211000,-1.352213326
210000,-1.662292634
209000,-2.05960149
208000,-2.508313036
207000,-2.960140257
206000,-3.406216988
205000,-3.816734865
204000,-4.002805942
203000,-3.644326624
202000,-2.774451233
201000,-1.948510488
200000,-1.554777298
199000,-1.647995968
198000,-2.159797559
197000,-2.908511789
196000,-3.72437467
195000,-4.492590012
194000,-5.019022872
193000,-5.234317053
192000,-5.449720614
191000,-5.756980217
190000,-5.777691432
189000,-5.510140271
188000,-5.444095704
187000,-5.928927173
186000,-6.719301641
185000,-7.351477607
184000,-7.681434554
183000,-7.798609876
182000,-7.78644509
181000,-7.637078144
180000,-7.237105187
179000,-6.575411821
178000,-6.11693664
177000,-6.304984426
176000,-6.771365929
175000,-6.977242012
174000,-6.884795426
173000,-6.638147853
172000,-6.570205175
171000,-6.787244889
170000,-6.845313827
169000,-6.647362803
168000,-6.657596598
167000,-7.069630629
166000,-7.538170084
165000,-7.713516012
164000,-7.490986128
163000,-7.106345779
162000,-7.008284725
161000,-7.103389186
160000,-7.054555483
159000,-7.164898564
158000,-7.68662101
157000,-8.211193487
156000,-8.36646123
155000,-8.160573034
154000,-7.812747381
153000,-7.498851424
152000,-7.274023033
151000,-7.196204231
150000,-7.279913778
149000,-7.477426236
148000,-7.725457714
147000,-7.912544383
146000,-7.975569656
145000,-7.991948673
144000,-8.069675725
143000,-8.21914671
142000,-8.37938327
141000,-8.535458789
140000,-8.693996942
139000,-8.75010806
138000,-8.564387352
137000,-8.095109018
136000,-7.245154128
135000,-5.916836415
134000,-4.26321178
133000,-2.527295275
132000,-0.782265684
131000,0.858406675
130000,2.290934029
129000,3.073963424
128000,2.835990855
127000,1.787454173
126000,1.154075669
125000,1.247919359
124000,1.284828615
123000,1.112557727
122000,0.864299475
121000,0.605322517
120000,0.414657074
119000,0.143092593
118000,-0.589600358
117000,-1.640203373
116000,-2.631542766
115000,-3.525671062
114000,-4.322850083
113000,-4.945276244
112000,-5.365962688
111000,-5.560997019
110000,-5.786516479
109000,-6.147938508
108000,-5.444635406
107000,-4.012076745
106000,-3.869536709
105000,-4.300802853
104000,-4.752794582
103000,-4.15648761
102000,-3.256534199
101000,-3.304447562
100000,-3.649401213
99000,-3.629010983
98000,-3.640047774
97000,-3.674718915
96000,-3.847237399
95000,-3.631808057
94000,-3.532060027
93000,-4.133213319
92000,-4.549435263
91000,-4.907556513
90000,-4.865545616
89000,-5.112984145
88000,-5.682455336
87000,-5.391279399
86000,-4.325662068
85000,-3.480436299
84000,-2.715621283
83000,-2.277329438
82000,-2.998341565
81000,-3.426516474
80000,-3.826642867
79000,-4.637543076
78000,-5.191700866
77000,-5.403831306
76000,-5.860989374
75000,-4.79341324
74000,-4.94129813
73000,-6.172558963
72000,-6.065164101
71000,-5.565386771
70000,-6.801078004
69000,-7.724807197
68000,-8.08457437
67000,-7.98935875
66000,-8.105987233
65000,-7.766647841
64000,-7.171393043
63000,-7.692215618
62000,-6.884220661
61000,-6.182889959
60000,-5.54936989
59000,-4.868694986
58000,-5.223645547
57000,-5.695421423
56000,-6.684246709
55000,-6.041988168
54000,-5.513016549
53000,-5.340574463
52000,-5.671698103
51000,-6.317762299
50000,-6.642732838
49000,-6.735666273
48000,-6.356823432
47000,-5.270246442
46000,-5.148894763
45000,-6.588200432
44000,-7.103892725
43000,-6.678516723
42000,-7.569588123
41000,-7.375232962
40000,-7.416692682
39000,-6.096243357
38000,-5.878377033
37000,-7.220208928
36000,-7.542625672
35000,-7.131169641
34000,-8.093520033
33000,-8.148515517
32000,-7.731205862
31000,-8.469318755
30000,-8.442516923
29000,-7.723216133
28000,-8.347750528
27000,-9.197409953
26000,-9.21573826
25000,-9.161054467
24000,-8.803772298
23000,-8.759213631
22000,-8.951043702
21000,-9.018495166
20000,-8.701393395
19000,-8.519792246
18000,-8.096608908
17000,-6.60202571
16000,-4.187653654
15000,-2.86560392
14000,-2.727396534
13000,-2.758733581
12000,-0.423260677
11000,0.670944056
10000,0.748918738
9000,0.283094296
8000,-0.218377669
7000,-0.023177006
6000,0.442542433
5000,0.225929875
4000,0.188082965
3000,-0.090596166
2000,0.209664906
1000,0.108438583
999,0.1103
998,-0.0272
997,-0.0851
996,-0.0011
995,0.0762
994,0.0893
993,0.0972
992,0.0636
991,-0.0499
990,-0.1299
989,-0.1577
988,-0.2018
987,-0.1677
986,-0.0801
985,-0.041
984,-0.0442
983,0.0124
982,0.0811
981,-0.022
980,-0.2338
979,-0.275
978,-0.1552
977,-0.0715
976,-0.1626
975,-0.3406
974,-0.3237
973,-0.1798
972,-0.1266
971,-0.1671
970,-0.2043
969,-0.223
968,-0.2778
967,-0.2516
966,-0.1825
965,-0.2002
964,-0.2027
963,-0.0162
962,0.1325
961,0.0017
960,-0.1252
959,-0.0054
958,0.068
957,-0.1246
956,-0.3375
955,-0.3981
954,-0.4165
953,-0.4115
952,-0.3231
951,-0.257
950,-0.2662
949,-0.239
948,-0.1588
947,-0.1471
946,-0.2148
945,-0.2276
944,-0.1233
943,-0.0083
942,0.0426
941,0.0207
940,-0.0265
939,-0.0116
938,0.0404
937,0.1073
936,0.1333
935,0.0777
934,0.0551
933,0.1261
932,0.1805
931,0.1127
930,-0.0025
929,-0.0202
928,-0.0369
927,-0.1037
926,-0.2437
925,-0.3351
924,-0.1813
923,-0.0362
922,-0.0781
921,-0.1981
920,-0.2056
919,0.0873
918,0.3717
917,0.331
916,0.1181
915,0.0213
914,0.0393
913,0.044
912,0.0703
911,0.0932
910,0.0274
909,0.0351
908,0.1436
907,0.1742
906,0.1102
905,0.0521
904,0.0292
903,-0.0467
902,-0.1354
901,-0.1541
900,-0.1787
899,-0.17
898,-0.1891
897,-0.3587
896,-0.4081
895,-0.2396
894,-0.1041
893,-0.041
892,-0.0757
891,-0.2814
890,-0.4305
889,-0.3409
888,-0.2143
887,-0.1455
886,-0.1039
885,-0.1449
884,-0.2392
883,-0.2604
882,-0.2076
881,-0.1234
880,0.0039
879,0.0497
878,-0.0391
877,-0.1412
876,-0.2113
875,-0.2217
874,-0.2273
873,-0.3673
872,-0.4364
871,-0.2972
870,-0.194
869,-0.1488
868,-0.1086
867,-0.1377
866,-0.1627
865,-0.0848
864,-0.0097
863,-0.0338
862,-0.1476
861,-0.2393
860,-0.2233
859,-0.1711
858,-0.0955
857,-0.0463
856,-0.0896
855,-0.1317
854,-0.1305
853,-0.2361
852,-0.3477
851,-0.2905
850,-0.15
849,-0.1237
848,-0.1923
847,-0.1932
846,-0.0922
845,-0.0002
844,-0.0666
843,-0.1505
842,-0.0853
841,-0.0205
840,-0.0412
839,-0.0818
838,-0.1525
837,-0.2411
836,-0.2368
835,-0.1964
834,-0.1825
833,-0.1842
832,-0.2027
831,-0.2263
830,-0.2839
829,-0.3017
828,-0.312
827,-0.3749
826,-0.3388
825,-0.3346
824,-0.3838
823,-0.3133
822,-0.1881
821,-0.1106
820,-0.0689
819,-0.0791
818,-0.209
817,-0.3694
816,-0.4482
815,-0.4423
814,-0.3336
813,-0.2031
812,-0.1212
811,-0.0965
810,-0.128
809,-0.2068
808,-0.2891
807,-0.3935
806,-0.5819
805,-0.5719
804,-0.3089
803,-0.1652
802,-0.169
801,-0.1227
800,-0.0998
799,-0.1142
798,-0.0981
797,-0.17
796,-0.2529
795,-0.0746
794,0.0968
793,0.0744
792,-0.0198
791,-0.1646
790,-0.3269
789,-0.4003
788,-0.4259
787,-0.4628
786,-0.3932
785,-0.2733
784,-0.2104
783,-0.1607
782,-0.132
781,-0.1859
780,-0.2668
779,-0.2736
778,-0.2823
777,-0.3412
776,-0.2698
775,-0.0819
774,0.0025
773,-0.1092
772,-0.262
771,-0.3424
770,-0.4616
769,-0.5803
768,-0.5155
767,-0.4018
766,-0.4365
765,-0.5279
764,-0.4017
763,-0.2071
762,-0.1485
761,-0.1975
760,-0.3723
759,-0.5565
758,-0.4612
757,-0.2019
756,-0.0884
755,-0.2093
754,-0.3799
753,-0.3752
752,-0.285
751,-0.3303
750,-0.4377
749,-0.3121
748,-0.1971
747,-0.3256
746,-0.438
745,-0.3579
744,-0.2173
743,-0.221
742,-0.3437
741,-0.3879
740,-0.4181
739,-0.6215
738,-0.7587
737,-0.5689
736,-0.4262
735,-0.5364
734,-0.5456
733,-0.4288
732,-0.4586
731,-0.596
730,-0.612
729,-0.5662
728,-0.6045
727,-0.6314
726,-0.5849
725,-0.5953
724,-0.6363
723,-0.5774
722,-0.4654
721,-0.3993
720,-0.4151
719,-0.4362
718,-0.4317
717,-0.4811
716,-0.5095
715,-0.4466
714,-0.3949
713,-0.3137
712,-0.2609
711,-0.3019
710,-0.2823
709,-0.2571
708,-0.3885
707,-0.4734
706,-0.4923
705,-0.5462
704,-0.5169
703,-0.3594
702,-0.2812
701,-0.3823
700,-0.4661
699,-0.3702
698,-0.2295
697,-0.152
696,-0.1763
695,-0.3354
694,-0.3785
693,-0.1918
692,-0.0758
691,-0.1148
690,-0.1936
689,-0.3304
688,-0.5134
687,-0.5727
686,-0.5466
685,-0.5964
684,-0.5446
683,-0.3961
682,-0.2634
681,-0.1743
680,-0.1822
679,-0.2585
678,-0.2941
677,-0.292
676,-0.3063
675,-0.3182
674,-0.3409
673,-0.4348
672,-0.4623
671,-0.2896
670,-0.201
669,-0.2327
668,-0.135
667,0.0144
666,-0.0138
665,-0.1414
664,-0.2011
663,-0.2845
662,-0.4041
661,-0.4127
660,-0.3343
659,-0.3552
658,-0.4013
657,-0.2849
656,-0.1383
655,-0.1534
654,-0.2566
653,-0.3426
652,-0.4546
651,-0.4662
650,-0.3311
649,-0.2336
648,-0.2813
647,-0.4178
646,-0.5287
645,-0.5421
644,-0.5439
643,-0.4764
642,-0.4249
641,-0.4084
640,-0.3185
639,-0.1913
638,-0.1077
637,-0.1452
636,-0.2205
635,-0.2308
634,-0.2933
633,-0.3715
632,-0.3301
631,-0.294
630,-0.2526
629,-0.1959
628,-0.284
627,-0.4187
626,-0.4525
625,-0.4427
624,-0.4656
623,-0.4922
622,-0.4629
621,-0.3912
620,-0.3475
619,-0.2615
618,-0.1052
617,-0.0838
616,-0.2212
615,-0.2535
614,-0.2032
613,-0.203
612,-0.1863
611,-0.2116
610,-0.336
609,-0.4013
608,-0.3306
607,-0.1742
606,-0.0249
605,-0.0215
604,-0.1118
603,-0.1775
602,-0.2231
601,-0.1496
600,-0.0016
599,-0.0041
598,-0.1542
597,-0.2168
596,-0.0959
595,-0.0255
594,-0.1167
593,-0.2294
592,-0.303
591,-0.3217
590,-0.3832
589,-0.4327
588,-0.3131
587,-0.2245
586,-0.3128
585,-0.385
584,-0.315
583,-0.2614
582,-0.3307
581,-0.3396
580,-0.2112
579,-0.2078
578,-0.3484
577,-0.4635
576,-0.5463
575,-0.6431
574,-0.7086
573,-0.7255
572,-0.6645
571,-0.6238
570,-0.5908
569,-0.5682
568,-0.6787
567,-0.8423
566,-0.8093
565,-0.592
564,-0.482
563,-0.5702
562,-0.661
561,-0.6112
560,-0.5915
559,-0.7088
558,-0.7112
557,-0.5835
556,-0.5597
555,-0.6138
554,-0.4767
553,-0.3168
552,-0.3434
551,-0.429
550,-0.5224
549,-0.648
548,-0.7
547,-0.5629
546,-0.4053
545,-0.4674
544,-0.6042
543,-0.5673
542,-0.5241
541,-0.5676
540,-0.4452
539,-0.2045
538,-0.113
537,-0.1138
536,-0.1231
535,-0.1167
534,-0.0167
533,-0.029
532,-0.3142
531,-0.577
530,-0.4783
529,-0.3364
528,-0.4743
527,-0.7158
526,-0.7842
525,-0.6284
524,-0.5963
523,-0.6916
522,-0.5872
521,-0.4478
520,-0.4584
519,-0.5267
518,-0.5811
517,-0.5786
516,-0.5353
515,-0.4772
514,-0.3782
513,-0.3351
512,-0.4168
511,-0.548
510,-0.5957
509,-0.5857
508,-0.5732
507,-0.5075
506,-0.4672
505,-0.4406
504,-0.3674
503,-0.4178
502,-0.6838
501,-0.9353
500,-0.9655
499,-0.7927
498,-0.6435
497,-0.5868
496,-0.6688
495,-0.8562
494,-0.9372
493,-0.8888
492,-0.829
491,-0.8031
490,-0.7885
489,-0.6658
488,-0.4952
487,-0.4288
486,-0.4635
485,-0.4645
484,-0.4059
483,-0.5718
482,-0.9372
481,-1.0811
480,-0.9849
479,-0.9707
478,-0.9824
477,-0.9179
476,-0.8608
475,-0.7488
474,-0.5665
473,-0.4757
472,-0.4879
471,-0.4457
470,-0.3917
469,-0.4572
468,-0.5063
467,-0.4581
466,-0.5108
465,-0.6445
464,-0.6452
463,-0.5414
462,-0.4407
461,-0.3932
460,-0.3766
459,-0.372
458,-0.4476
457,-0.5099
456,-0.446
455,-0.4272
454,-0.5217
453,-0.676
452,-0.7952
451,-0.7431
450,-0.6611
449,-0.6621
448,-0.7558
447,-0.8313
446,-0.837
445,-0.9934
444,-1.2634
443,-1.2292
442,-0.8629
441,-0.6211
440,-0.625
439,-0.7506
438,-0.8421
437,-0.7757
436,-0.6717
435,-0.682
434,-0.8283
433,-0.9617
432,-0.9369
431,-0.9175
430,-0.8034
429,-0.6266
428,-0.6169
427,-0.6546
426,-0.6111
425,-0.5764
424,-0.7052
423,-0.869
422,-0.7795
421,-0.6506
420,-0.6431
419,-0.6403
418,-0.6287
417,-0.679
416,-0.7644
415,-0.7508
414,-0.6283
413,-0.5463
412,-0.5703
411,-0.6628
410,-0.7131
409,-0.6367
408,-0.4764
407,-0.3755
406,-0.4177
405,-0.5182
404,-0.5192
403,-0.4675
402,-0.5182
401,-0.606
400,-0.6325
399,-0.5801
398,-0.54
397,-0.6297
396,-0.614
395,-0.5273
394,-0.5449
393,-0.6717
392,-0.8509
391,-0.8708
390,-0.6806
389,-0.5199
388,-0.4597
387,-0.47
386,-0.5546
385,-0.552
384,-0.4252
383,-0.4433
382,-0.707
381,-0.899
380,-0.8368
379,-0.7367
378,-0.7188
377,-0.7363
376,-0.6752
375,-0.4965
374,-0.3855
373,-0.3823
372,-0.4599
371,-0.6203
370,-0.7249
369,-0.7855
368,-0.8111
367,-0.6997
366,-0.5733
365,-0.5505
364,-0.5474
363,-0.5064
362,-0.4906
361,-0.5432
360,-0.5803
359,-0.6009
358,-0.5974
357,-0.531
356,-0.6134
355,-0.8212
354,-0.8474
353,-0.6848
352,-0.4855
351,-0.4403
350,-0.5133
349,-0.6102
348,-0.7116
347,-0.7422
346,-0.7017
345,-0.6588
344,-0.6483
343,-0.6931
342,-0.6847
341,-0.5432
340,-0.5438
339,-0.7288
338,-0.8584
337,-0.8401
336,-0.6889
335,-0.6303
334,-0.7609
333,-0.8371
332,-0.7315
331,-0.6354
330,-0.6187
329,-0.6028
328,-0.6242
327,-0.7143
326,-0.7885
325,-0.8255
324,-0.7978
323,-0.6725
322,-0.5809
321,-0.599
320,-0.6751
319,-0.6282
318,-0.4983
317,-0.5664
316,-0.8172
315,-0.8809
314,-0.717
313,-0.5928
312,-0.5631
311,-0.555
310,-0.5717
309,-0.5879
308,-0.6164
307,-0.6465
306,-0.628
305,-0.561
304,-0.4394
303,-0.3233
302,-0.3917
301,-0.5937
300,-0.634
299,-0.4892
298,-0.3272
297,-0.203
296,-0.1946
295,-0.3908
294,-0.637
293,-0.6731
292,-0.6149
291,-0.626
290,-0.6811
289,-0.7712
288,-0.8369
287,-0.742
286,-0.7001
285,-0.7634
284,-0.7793
283,-0.6956
282,-0.6121
281,-0.5876
280,-0.5401
279,-0.5241
278,-0.4739
277,-0.2945
276,-0.22
275,-0.3458
274,-0.4169
273,-0.3991
272,-0.489
271,-0.7023
270,-0.789
269,-0.6347
268,-0.4607
267,-0.4227
266,-0.4128
265,-0.3925
264,-0.3729
263,-0.2641
262,-0.2036
261,-0.2961
260,-0.4204
259,-0.4131
258,-0.3446
257,-0.2779
256,-0.257
255,-0.3271
254,-0.3982
253,-0.4112
252,-0.4144
251,-0.4237
250,-0.406
249,-0.3668
248,-0.3171
247,-0.3771
246,-0.4642
245,-0.3661
244,-0.2981
243,-0.4098
242,-0.6373
241,-0.8083
240,-0.7015
239,-0.4941
238,-0.4291
237,-0.4678
236,-0.4914
235,-0.4937
234,-0.4638
233,-0.3979
232,-0.3403
231,-0.3199
230,-0.3655
229,-0.5047
228,-0.5988
227,-0.4648
226,-0.3553
225,-0.3773
224,-0.3586
223,-0.3798
222,-0.42
221,-0.3142
220,-0.265
219,-0.3491
218,-0.3982
217,-0.4216
216,-0.4237
215,-0.3803
214,-0.3303
213,-0.3591
212,-0.544
211,-0.8413
210,-0.983
209,-0.8611
208,-0.7419
207,-0.6705
206,-0.5719
205,-0.5666
204,-0.6307
203,-0.5886
202,-0.526
201,-0.596
200,-0.6962
199,-0.6982
198,-0.5656
197,-0.4025
196,-0.2933
195,-0.2994
194,-0.3701
193,-0.3804
192,-0.4221
191,-0.4688
190,-0.4789
189,-0.582
188,-0.7262
187,-0.7798
186,-0.6727
185,-0.5042
184,-0.4198
183,-0.4502
182,-0.5588
181,-0.6197
180,-0.6002
179,-0.6255
178,-0.604
177,-0.4884
176,-0.4191
175,-0.3663
174,-0.3528
173,-0.4075
172,-0.4139
171,-0.3511
170,-0.2623
169,-0.1564
168,-0.2621
167,-0.5393
166,-0.5825
165,-0.4315
164,-0.3012
163,-0.2134
162,-0.2142
161,-0.2823
160,-0.3556
159,-0.4062
158,-0.4408
157,-0.364
156,-0.2198
155,-0.1083
154,-0.107
153,-0.1564
152,-0.154
151,-0.17
150,-0.2453
149,-0.2398
148,-0.2171
147,-0.2628
146,-0.2818
145,-0.2849
144,-0.348
143,-0.178
142,-0.0885
141,-0.0972
140,-0.182
139,-0.2851
138,-0.3073
137,-0.3144
136,-0.3435
135,-0.1733
134,-0.1032
133,-0.3642
132,-0.2278
131,-0.2553
130,-0.3059
129,-0.302
128,-0.2179
127,-0.1058
126,-0.1088
125,-0.2741
124,-0.1761
123,-0.0845
122,-0.1459
121,-0.295
120,-0.3844
119,-0.4856
118,-0.2786
117,-0.2158
116,-0.3861
115,-0.4257
114,-0.4656
113,-0.4235
112,-0.4246
111,-0.3482
110,-0.3457
109,-0.1496
108,-0.1145
107,-0.3206
106,-0.4314
105,-0.2766
104,-0.26
103,-0.248
102,-0.1676
101,-0.2639
100,-0.2374
99,-0.2474
98,-0.199
97,-0.0823
96,-0.1957
95,-0.1842
94,-0.3389
93,-0.1374
92,-0.0987
91,-0.1621
90,-0.2921
89,-0.1325
88,-0.2019
87,-0.1576
86,-0.0373
85,-0.0302
84,-0.027
83,0.1166
82,0.1814
81,0.0532
80,0.0705
79,0.2071
78,0.086
77,-0.0737
76,-0.0409
75,-0.1086
74,-0.1112
73,-0.1854
72,-0.0672
71,0.0056
70,0.0668
69,-0.1482
68,-0.1475
67,-0.2078
66,0.04
65,0.0663
64,0.024
63,-0.0227
62,0.0544
61,0.0389
60,0.0694
59,-0.196
58,-0.1026
57,-0.0464
56,-0.0191
55,-0.0738
54,0.0682
53,0.0327
52,-0.0893
51,0.015
50,0.1615
49,-0.0809
48,-0.0136
47,-0.1054
46,0.1734
45,0.0674
44,0.1624
43,0.2745
42,0.3326
41,0.1369
40,0.3163
39,0.1665
38,0.1224
37,0.1874
36,0.3376
35,0.4119
34,0.2949
33,0.4437
32,0.4169
31,0.2261
30,0.2447
29,0.3157
28,0.4513
27,0.3407
26,0.4718
25,0.6289
24,0.4049
23,0.4082
22,0.5412
21,0.6297
20,0.6138
19,0.5416
18,0.6783
17,0.6252
16,0.6448
15,0.5226
14,0.6401
13,0.7054
12,0.5881
11,0.6209
10,0.6504
9,0.7372
8,0.8706
7,0.9967
6,0.9074
5,0.8333
